asset	seed	model_sha256	size_bytes
phone_call	42002	6df91ad89a868f709f2ea7f03cc5af3bd1253836f552fadbee934d869b568d6f	37605200
guitar_player	42003	7a3756cc4c6ec6e501c167218e59bb4ab65cd2a9285cd1e28a967f497be7c479	38704176
violin_player	42004	b646487d0645f7af270d1900caaf8ea8e04ffc242acc40bd2cbb5bd72d8ddf0a	37174536
pianist	42005	e2608af34ff614046ebd1d36f2a913b27cdb30f96cf2aea455db7c8f18fb7467	35867120
saxophone_player	43001	577556e4d801861a8407f9026cf46dca592d022a9f4c6461386514cc59c2b178	38561860
flute_player	43012	b60472386281da81d96cb43ee777b5a0834c50ad4245e5499446080b48023169	37233388
hand_drum_player	43003	54e81c101477c4e70606f48f1685e322b95cc37d3994381d1c6b0e9bf3590e85	39708728
megaphone_speaker	43004	94b79d4c0e050cad841b7d685f69247631721aada491c5bf8c8284f55caa9061	38776244
clapping_person	43005	2746d66136b79168b674751cac96c5ab747f306bdedcd73bb0ad0973d90f40c7	36281832
coughing_person	43006	dc2caadfdb1f6734aa0022f9b1d0d03ed1371b81d5948b30a40337d40f917395	35981348
